mfcc1,mfcc2,mfcc3,mfcc4,mfcc5,mfcc6,mfcc7,mfcc8,mfcc9,mfcc10,mfcc11,mfcc12,mfcc13,mfcc14,mfcc15,mfcc16,mfcc17,mfcc18,mfcc19,mfcc20,label
-277.7339172363281,86.33937072753906,9.54651165008545,27.260669708251953,-1.5808542966842651,2.2946786880493164,-21.06305694580078,-6.768252372741699,-16.339187622070312,3.448965311050415,-0.18547958135604858,3.0377776622772217,-7.492875099182129,-4.326860427856445,-3.9383230209350586,-0.06197575852274895,-8.20438003540039,-0.9901542663574219,-7.994271278381348,1.6628870964050293,1
-287.4414367675781,101.41153717041016,9.845778465270996,18.111303329467773,0.9534724950790405,4.148738861083984,-21.46117401123047,3.54874849319458,-11.67628288269043,1.8108302354812622,-8.262001037597656,-2.0740184783935547,-8.9542875289917,0.3280920386314392,-4.562631607055664,1.4709018468856812,-8.286371231079102,2.301535129547119,-9.539156913757324,-0.6753007173538208,1
-292.9869384765625,82.17695617675781,5.1671223640441895,21.194120407104492,0.8131813406944275,-5.446115016937256,-21.21364402770996,1.4458831548690796,-20.31368637084961,4.439659595489502,-1.1483664512634277,-7.161250591278076,-7.837585926055908,-1.9146912097930908,-7.601760387420654,4.359952926635742,-6.932132720947266,1.2517931461334229,-9.683860778808594,2.710421562194824,1
-346.3493957519531,87.3899154663086,6.518007755279541,32.11892318725586,7.091322422027588,7.5778117179870605,-9.028164863586426,3.232435464859009,-14.420412063598633,1.2270808219909668,-3.052682638168335,-0.47002261877059937,-5.447875022888184,-4.820985317230225,-7.377941131591797,4.934337139129639,-7.918896198272705,1.9516081809997559,-4.9633870124816895,0.4651012420654297,1
-294.494384765625,105.38732147216797,7.765577793121338,26.10262680053711,-1.669517159461975,0.3384631276130676,-13.264830589294434,-0.4153427481651306,-22.2686710357666,1.3101885318756104,-7.694322109222412,4.3970208168029785,-5.446567535400391,1.2817925214767456,-4.447604656219482,3.8466508388519287,-5.28249454498291,1.5969160795211792,-1.2319964170455933,-0.2548098564147949,1
-281.83966064453125,110.04989624023438,-5.376913070678711,18.068092346191406,1.5442800521850586,5.130147933959961,-15.656312942504883,5.617368221282959,-13.9564208984375,0.2747661769390106,-0.6438536047935486,3.3543190956115723,-10.355223655700684,-3.6435041427612305,-8.910820960998535,3.473862886428833,-12.160256385803223,-1.8695188760757446,-6.8635783195495605,-2.600242853164673,1
-342.3389587402344,90.07279205322266,7.385317325592041,31.029224395751953,-3.335102081298828,10.192102432250977,-11.919119834899902,4.429292678833008,-9.094983100891113,3.0317444801330566,-5.330847263336182,5.941927909851074,-3.034238576889038,3.685084819793701,-6.738432884216309,4.0925188064575195,-6.593794822692871,1.0576614141464233,-6.28992223739624,-3.7833774089813232,1
-309.64227294921875,108.7104721069336,-3.4977004528045654,26.300418853759766,-1.0876684188842773,1.5232212543487549,-22.869735717773438,3.4048409461975098,-15.318902015686035,1.6946229934692383,-8.222710609436035,5.420770168304443,-10.35481071472168,2.8718457221984863,-0.5042969584465027,-1.0460138320922852,-2.3311240673065186,-2.0090491771698,-6.174890518188477,-3.9563398361206055,1
-328.581787109375,107.6421127319336,-4.3101806640625,24.60133171081543,6.98588228225708,9.419472694396973,-11.249364852905273,5.543500900268555,-14.332937240600586,4.3455729484558105,3.035041332244873,0.920730471611023,-9.78024673461914,1.9814664125442505,-4.696554183959961,2.0696325302124023,-8.707667350769043,-0.5772088170051575,-8.148091316223145,-2.332746982574463,1
-311.6321716308594,89.60249328613281,2.833883285522461,32.17071533203125,5.756557941436768,8.899991989135742,-25.2423095703125,9.753068923950195,-14.779379844665527,0.03855682536959648,-3.614961862564087,0.28772613406181335,-3.6094861030578613,3.1263587474823,-2.613643169403076,6.895700454711914,-4.407914638519287,3.709085464477539,-4.77095890045166,4.14185094833374,1
-316.9697265625,102.71732330322266,0.7678240537643433,31.52471923828125,-2.194368362426758,-1.2014471292495728,-12.132244110107422,6.087125778198242,-17.913074493408203,-2.6992266178131104,-7.798311710357666,4.751960277557373,-1.530280590057373,4.510293483734131,-5.360785007476807,5.923421382904053,-8.254515647888184,-4.222846031188965,-5.526834487915039,-1.9465184211730957,1
-270.6228942871094,105.98499298095703,-10.143414497375488,20.445024490356445,-3.2576727867126465,-1.603142499923706,-14.48672866821289,2.42978572845459,-17.77433967590332,7.210528373718262,0.5832628607749939,-0.01725221425294876,-7.196101665496826,-1.1235389709472656,-7.283370018005371,0.5462779402732849,-7.78148078918457,-3.227313756942749,-6.579712867736816,-3.61631441116333,1
-357.54766845703125,95.4117431640625,5.66527795791626,44.980506896972656,6.10322380065918,-0.3720708191394806,-13.161820411682129,8.432930946350098,-16.740968704223633,-2.95599102973938,4.003113269805908,10.712239265441895,-7.835011959075928,5.284371376037598,-3.5062975883483887,7.111618518829346,-3.7168667316436768,3.936980962753296,-1.790941834449768,-3.7917063236236572,1
-289.8819274902344,104.41961669921875,-9.156956672668457,27.566267013549805,3.9518470764160156,7.337337493896484,-10.90829086303711,5.871885776519775,-22.697290420532227,2.4885969161987305,-8.87739086151123,4.378544330596924,2.049546003341675,5.146245956420898,-6.632452487945557,3.730841636657715,-3.331331253051758,-3.033658742904663,-3.305199384689331,1.029070496559143,1
-345.0052490234375,102.31636047363281,4.341761112213135,31.445112228393555,4.698644638061523,6.992944717407227,-17.76801109313965,2.663789987564087,-14.510248184204102,4.419709205627441,-9.846419334411621,-3.1995818614959717,-10.258573532104492,-0.25154754519462585,-2.7511351108551025,-1.3063145875930786,-8.576891899108887,3.6907215118408203,-4.8867268562316895,2.0793685913085938,1
-360.0765686035156,97.180419921875,-7.649386405944824,28.30959129333496,3.823676586151123,4.972835063934326,-14.412918090820312,4.6329216957092285,-14.425093650817871,10.890602111816406,-2.913815498352051,3.1795010566711426,-0.6803618669509888,0.2743004262447357,-6.2725629806518555,3.0282018184661865,-2.2488412857055664,2.787423610687256,-0.7416061758995056,-1.1015379428863525,1
-329.6370849609375,108.28154754638672,-10.531607627868652,33.40690612792969,9.964902877807617,-8.283869743347168,-19.66507339477539,8.368610382080078,-14.456852912902832,-2.7157981395721436,3.3635072708129883,0.37561988830566406,-0.3053624629974365,7.152288913726807,-4.948030471801758,4.7536940574646,-6.81742525100708,3.218555450439453,-4.922054767608643,-1.3173812627792358,1
-276.9884033203125,100.19346618652344,-8.774584770202637,35.309600830078125,0.7446523904800415,-1.843927025794983,-21.557373046875,0.14895328879356384,-11.974377632141113,5.182724475860596,-5.481139183044434,7.179312705993652,-5.246992111206055,-4.751303195953369,5.920957565307617,1.524751901626587,-8.263161659240723,1.5800142288208008,-9.097652435302734,2.1457717418670654,1
-331.8923645019531,73.14812469482422,26.974102020263672,27.55617904663086,5.331469535827637,7.521658420562744,-26.096399307250977,7.2314581871032715,-9.591230392456055,-5.172815322875977,-5.378300189971924,-1.0531535148620605,-6.536093235015869,6.043793678283691,-6.405637264251709,-2.0166821479797363,-2.862492799758911,4.844374656677246,-6.938464164733887,4.688325881958008,1
-342.3066711425781,83.44346618652344,6.071197032928467,20.23788833618164,8.333818435668945,8.457408905029297,-11.450702667236328,8.635499000549316,-7.609981060028076,1.1578518152236938,-4.093471527099609,0.06691057235002518,-4.895791530609131,-2.5160818099975586,-6.791499614715576,5.130173206329346,-8.533651351928711,-1.2489715814590454,-8.728452682495117,2.2033376693725586,1
-350.27435302734375,92.73931884765625,2.31958270072937,20.90633773803711,-4.171148777008057,6.393647193908691,-13.357501983642578,7.299755096435547,-7.702251434326172,2.6287686824798584,-8.406265258789062,-0.1335686296224594,-6.630549430847168,3.8559467792510986,-4.960781097412109,3.036672592163086,-1.826127052307129,5.888080596923828,-6.2548418045043945,-2.9550626277923584,1
-330.5377502441406,125.59578704833984,-2.6588404178619385,25.217918395996094,-4.1141839027404785,-0.7414209842681885,-10.993751525878906,0.9732932448387146,-18.40099334716797,0.4886998236179352,-9.717791557312012,5.126669406890869,2.2446541786193848,0.9124584197998047,-4.066361904144287,1.2209208011627197,-8.185443878173828,-0.425753653049469,-2.426957607269287,-5.344485282897949,1
-303.00567626953125,91.46232604980469,-5.466726779937744,31.503704071044922,3.125204563140869,9.616838455200195,-19.55077362060547,1.7417548894882202,-21.961156845092773,6.24392032623291,-4.334050178527832,0.9610978960990906,0.017436856403946877,1.8407258987426758,-6.535415172576904,6.539003372192383,-4.983250141143799,0.2703316807746887,-2.327205181121826,-2.9344136714935303,1
-327.3734130859375,84.44425201416016,5.904500961303711,36.3138313293457,-0.9229761958122253,4.551153182983398,-21.918550491333008,11.454133033752441,-14.857373237609863,0.28990352153778076,-0.9054321646690369,10.65088939666748,-3.9819109439849854,2.3059306144714355,0.015547878108918667,2.057474136352539,-2.011392831802368,0.627574622631073,-0.3258708417415619,1.1018071174621582,1
-314.0318908691406,96.04914093017578,0.20786282420158386,21.27172088623047,-0.25779858231544495,3.7454934120178223,-13.102529525756836,7.932057857513428,-6.462098598480225,2.3660123348236084,-10.211823463439941,-2.6255767345428467,-8.533487319946289,3.233152389526367,-9.441497802734375,0.31675830483436584,-3.2662389278411865,-1.4599330425262451,-9.002233505249023,-0.759048581123352,1
-401.576416015625,95.39817810058594,7.338131427764893,33.695556640625,5.8485589027404785,10.525033950805664,-11.515052795410156,5.902223110198975,-15.229334831237793,2.558177947998047,-9.570399284362793,-2.52164626121521,-6.378584384918213,2.0969126224517822,-2.3400497436523438,2.973127841949463,-4.81353759765625,2.5202701091766357,-1.1875723600387573,-0.9933444261550903,1
-346.7854919433594,97.3697738647461,-2.1786534786224365,33.30491256713867,16.668434143066406,6.388214588165283,-17.98272705078125,7.504979133605957,-11.567858695983887,-1.973004937171936,-7.17050313949585,0.951788067817688,-6.242640018463135,2.7152304649353027,-5.415550708770752,3.711993455886841,-2.594650983810425,2.8283510208129883,-6.302775859832764,4.120492458343506,1
-249.3857879638672,109.44343566894531,-12.93079948425293,24.716859817504883,-0.15935082733631134,0.23938436806201935,-19.192977905273438,7.000446319580078,-14.835787773132324,5.733109474182129,1.6255505084991455,8.472900390625,-7.953118801116943,-1.636405110359192,-2.1391055583953857,-0.6004438400268555,-10.980603218078613,-1.727053165435791,-8.96806526184082,-5.586954116821289,1
-290.8087463378906,93.76753997802734,8.608053207397461,41.38123321533203,0.4698208272457123,-9.98006820678711,-17.26820945739746,5.538091659545898,-33.93967056274414,5.140220642089844,-2.6590957641601562,4.109001159667969,-2.8131003379821777,-2.447003126144409,4.438161849975586,9.086272239685059,-3.372682809829712,2.1494269371032715,0.4641353189945221,-3.7610673904418945,1
-322.2486572265625,109.3700180053711,-0.4709606170654297,16.99002456665039,-7.185051441192627,9.893059730529785,-16.613826751708984,2.52339243888855,-9.139811515808105,6.781772613525391,-6.338566303253174,4.45065450668335,-7.735414028167725,-1.058872103691101,-7.752834796905518,-2.0992655754089355,-9.847370147705078,-4.32431697845459,-7.16305685043335,-0.29101642966270447,1
-301.4669494628906,102.89509582519531,7.266542434692383,33.10263442993164,2.9483022689819336,4.949280261993408,-14.442508697509766,3.605436086654663,-16.99622917175293,5.7312164306640625,-1.5544252395629883,0.6573837399482727,-6.0706963539123535,-2.1306076049804688,-5.927424907684326,5.816259860992432,-10.802133560180664,-1.574045181274414,-6.3382062911987305,-3.1696372032165527,1
-277.6510009765625,95.77931213378906,0.19611458480358124,29.079254150390625,-4.764466285705566,-4.544697284698486,-16.19135093688965,6.100622653961182,-18.555564880371094,2.431818962097168,-12.573208808898926,-0.758343517780304,-4.5101752281188965,4.655272960662842,-3.3776564598083496,1.779434323310852,-3.5854620933532715,3.998507499694824,-2.4072670936584473,0.19689200818538666,1
-349.9643859863281,93.24012756347656,-0.5125542283058167,32.42864990234375,11.914148330688477,15.151042938232422,-18.6871395111084,3.1297829151153564,-13.123530387878418,5.544238090515137,-4.582103252410889,2.873382568359375,-4.9844970703125,2.941929817199707,-7.600669860839844,3.1932806968688965,-5.1858954429626465,-2.82517409324646,-7.014791011810303,-0.048679452389478683,1
-289.1072998046875,85.99967193603516,9.828497886657715,37.59988021850586,-0.004508590791374445,1.4696285724639893,-24.594053268432617,5.051798343658447,-16.59969711303711,-0.08115185797214508,-5.719707012176514,4.483827590942383,-10.169570922851562,4.832449436187744,-6.090628623962402,3.055499792098999,2.580770254135132,2.1550095081329346,-1.8400439023971558,-0.5414590835571289,1
-424.89739990234375,86.51420593261719,1.8132097721099854,33.077327728271484,8.586555480957031,12.551437377929688,-11.068650245666504,8.255083084106445,-11.155145645141602,5.481701374053955,-2.04557204246521,4.850703716278076,-1.094751238822937,3.86114764213562,-2.8959641456604004,7.6428656578063965,-0.26899680495262146,6.025320053100586,2.2363462448120117,3.116351366043091,1
-317.3337097167969,90.91751861572266,-0.06342609226703644,39.95452117919922,8.800699234008789,3.4875195026397705,-27.283153533935547,9.360401153564453,-10.272836685180664,1.3621224164962769,-2.8811604976654053,3.000633955001831,-5.652259826660156,3.6571812629699707,3.8696067333221436,5.94940185546875,-3.389796733856201,7.240217685699463,-5.314600467681885,2.029667377471924,1
-278.1436462402344,113.50225067138672,-8.150984764099121,24.610897064208984,-3.631258964538574,-2.8793728351593018,-12.18708610534668,0.04401141777634621,-19.780719757080078,8.434761047363281,-5.638824939727783,7.6966376304626465,-2.661691427230835,-0.33682066202163696,-2.266301155090332,3.387620687484741,-5.236176013946533,-2.7557027339935303,-8.358784675598145,-4.367397308349609,1
-277.46954345703125,102.35011291503906,0.3764059543609619,19.93111228942871,1.4477360248565674,9.840871810913086,-14.420265197753906,6.767185211181641,-13.484715461730957,-2.4557693004608154,-1.7225100994110107,3.8325328826904297,-6.884347438812256,-4.038228988647461,-8.501447677612305,0.003612882224842906,-14.793861389160156,-0.28101104497909546,-12.567309379577637,3.5408425331115723,1
-316.0566711425781,91.07572937011719,11.378515243530273,36.582557678222656,7.971162796020508,9.116122245788574,-15.642132759094238,-3.1137912273406982,-25.463361740112305,1.5913984775543213,1.0697128772735596,7.845224857330322,-6.839631080627441,0.4846675992012024,-0.3304601311683655,1.8103387355804443,-10.730441093444824,3.958920478820801,-2.496192216873169,-5.048425674438477,1
-308.4570007324219,87.90153503417969,1.4127593040466309,32.779823303222656,2.065291404724121,6.363845348358154,-17.44945526123047,9.794954299926758,-12.079388618469238,2.1209957599639893,-4.39570426940918,-1.8124446868896484,0.9076569080352783,-2.042891502380371,-8.646385192871094,4.921236038208008,-8.927740097045898,0.11572308838367462,-6.759754180908203,-0.04989752173423767,1
-312.6047058105469,82.49371337890625,0.9475180506706238,26.525571823120117,2.5160250663757324,3.6922309398651123,-13.143997192382812,3.668412923812866,-16.268674850463867,2.7585105895996094,-0.8642892241477966,3.8196349143981934,-7.578525066375732,0.3912907540798187,-3.235936164855957,3.542595624923706,-10.932509422302246,-1.4878867864608765,-5.917880535125732,0.27812114357948303,1
-330.95062255859375,90.51045989990234,-1.9295833110809326,33.59917449951172,-3.126868486404419,3.1866109371185303,-13.484681129455566,1.8627017736434937,-11.525453567504883,2.0239365100860596,-0.6383647322654724,7.140091419219971,-1.7190635204315186,4.929762363433838,-0.5591115355491638,-0.66802978515625,0.10170052200555801,0.7517827749252319,-1.7437266111373901,-1.7506179809570312,1
-340.0957946777344,96.35895538330078,-2.630335569381714,31.611589431762695,-3.4990711212158203,5.698572158813477,-7.6205058097839355,10.70544147491455,-11.078751564025879,-3.0274009704589844,-2.96292781829834,-3.072603225708008,-11.745680809020996,5.577569484710693,-6.336948871612549,0.7958046197891235,1.1226495504379272,-0.5168445706367493,-10.408061981201172,-2.2647392749786377,1
-297.5679016113281,112.8330307006836,13.004495620727539,42.96376037597656,5.585480213165283,-9.687386512756348,-10.13205337524414,4.664297580718994,-21.04364585876465,3.1307337284088135,-13.203121185302734,-2.703735113143921,-3.0172781944274902,-2.017895460128784,6.258082866668701,5.335123062133789,-4.990935802459717,-3.3513779640197754,-3.1999053955078125,-3.4993577003479004,1
-325.1474609375,99.57984161376953,1.0605543851852417,43.36740493774414,-0.7089831233024597,-0.4379030168056488,-20.75891876220703,13.868216514587402,-17.13739776611328,-0.33532580733299255,8.248172760009766,4.113898754119873,-6.11109733581543,4.204532146453857,-3.4355852603912354,5.495440483093262,-2.185192346572876,2.788058280944824,-1.817434310913086,-1.6070853471755981,1
-291.3756408691406,102.36373138427734,3.478675603866577,29.541399002075195,-3.177813768386841,-0.7867975831031799,-17.530231475830078,-2.6315739154815674,-22.793987274169922,-1.0757859945297241,-0.47638726234436035,1.5843833684921265,1.0417665243148804,-0.46469995379447937,-5.728805065155029,9.132049560546875,-2.6899571418762207,-3.1730663776397705,-8.869832038879395,1.4954885244369507,1
-344.6916198730469,101.25799560546875,4.174408912658691,24.430984497070312,-1.0950428247451782,2.4543309211730957,-16.34133529663086,10.454113960266113,-14.67245864868164,-1.9293313026428223,-5.6198410987854,1.9443053007125854,-4.725601673126221,6.978621482849121,-1.8597217798233032,3.676220178604126,-3.5157744884490967,2.970820665359497,-6.0622358322143555,3.3200130462646484,1
-352.14794921875,89.01493072509766,-15.039368629455566,35.123844146728516,8.933059692382812,6.190375804901123,-12.294248580932617,3.277186155319214,-11.358734130859375,7.2134246826171875,-5.674559593200684,-0.49317628145217896,-4.990090847015381,0.14701491594314575,-3.9321115016937256,1.6698065996170044,-5.731780529022217,3.799259901046753,-3.752070903778076,0.15219654142856598,1
-359.5018005371094,103.07727813720703,-8.52029800415039,19.946495056152344,-6.112603664398193,-1.6590380668640137,-12.77326488494873,4.869804859161377,-1.9492157697677612,7.318034648895264,-6.181454181671143,-1.9957554340362549,-6.829241752624512,3.0678975582122803,-0.8859156966209412,2.0428221225738525,-6.099888801574707,0.07849805057048798,-7.346484661102295,2.0565083026885986,1
-367.9204406738281,98.78556823730469,9.765311241149902,36.16967010498047,-1.5284584760665894,4.748084545135498,-16.078712463378906,9.246588706970215,-7.811751365661621,2.598686933517456,-6.102479457855225,-6.634525299072266,-9.292438507080078,-1.7077409029006958,-2.869356870651245,0.5997858047485352,-3.9613170623779297,-5.2161478996276855,-6.18006706237793,2.465228319168091,1
-375.6616516113281,85.42969512939453,8.887187957763672,34.425132751464844,5.7085676193237305,7.006216526031494,-16.28329086303711,14.065185546875,-14.432526588439941,0.2942604422569275,-2.2156412601470947,2.5763659477233887,-4.689523696899414,-1.1838250160217285,-4.851971626281738,7.340113639831543,-4.09072732925415,-1.046630859375,-3.6286075115203857,0.8696324825286865,1
-298.0160217285156,103.14860534667969,-7.963984966278076,25.36503028869629,0.21316859126091003,2.4627060890197754,-22.52681541442871,-1.604861855506897,-14.709309577941895,0.8531747460365295,-6.936023712158203,7.618490695953369,-0.7033334374427795,-2.275710344314575,-3.9203574657440186,1.1067222356796265,-7.775750637054443,1.3113453388214111,-5.133922576904297,-3.3164541721343994,1
-293.2760009765625,116.07634735107422,0.7953817248344421,21.518911361694336,-7.738542556762695,1.3026350736618042,-15.746319770812988,2.6746675968170166,-18.646507263183594,-3.6942226886749268,-11.248503684997559,5.91501522064209,-5.729698657989502,3.9645802974700928,-3.6587748527526855,1.35115647315979,-7.100852966308594,-2.6275405883789062,-4.843612194061279,-1.0977774858474731,1
-334.52239990234375,107.86005401611328,3.6488428115844727,39.45711135864258,3.6692066192626953,1.6500110626220703,-10.807252883911133,-0.06278882175683975,-14.04935359954834,3.3835487365722656,-4.918663024902344,6.245696067810059,0.09957583993673325,-1.0836929082870483,-1.5767072439193726,7.9433369636535645,-0.8109195828437805,-4.018725872039795,-1.5554684400558472,-0.020891958847641945,1
-326.8265380859375,110.74168395996094,-4.675970077514648,31.95069694519043,0.6584504842758179,0.6432425379753113,-15.542458534240723,3.4407713413238525,-17.17310905456543,1.0184916257858276,-4.129916191101074,5.641674518585205,-0.17621956765651703,4.682493209838867,-0.6713777184486389,4.851335525512695,-2.964942216873169,-0.07875779271125793,-3.4555928707122803,0.5161051750183105,1
-273.5486145019531,110.74299621582031,-3.368994951248169,31.2020320892334,6.460278034210205,10.174384117126465,-9.340587615966797,4.415650367736816,-29.58971405029297,3.3787245750427246,-1.1143847703933716,6.365760326385498,3.4039881229400635,2.6102750301361084,0.8655558228492737,6.500608921051025,-6.871650218963623,1.5585975646972656,-5.6975908279418945,-0.7844436168670654,1
-320.7847900390625,93.80335998535156,-0.5998250842094421,30.116613388061523,-0.05070014297962189,3.3194127082824707,-11.538690567016602,4.129682540893555,-11.562374114990234,5.684413909912109,-4.880242824554443,5.400557994842529,-8.24862003326416,-2.0516536235809326,-4.140989303588867,2.764173746109009,-7.744784832000732,2.457875967025757,-2.2239131927490234,1.5595312118530273,1
-297.64312744140625,94.22633361816406,-9.411877632141113,35.32688522338867,-2.0279855728149414,11.341612815856934,-12.573197364807129,5.543628215789795,-8.479815483093262,0.9515880346298218,-8.3963623046875,-0.019401073455810547,-8.243856430053711,-2.657808780670166,-7.200811862945557,3.6956658363342285,-8.448259353637695,-0.22745713591575623,-7.275640487670898,1.043699026107788,1
-269.9969482421875,94.33177947998047,-0.35984599590301514,13.639772415161133,-7.308685779571533,0.893297016620636,-11.827982902526855,4.888518810272217,-15.979819297790527,1.071992039680481,2.332048177719116,9.737529754638672,-2.281820297241211,0.34059712290763855,-8.919238090515137,2.421710729598999,-8.618595123291016,-2.2739057540893555,-9.073113441467285,-6.377753734588623,1
-326.74371337890625,107.1253662109375,-3.503664493560791,23.06916618347168,0.5266517996788025,2.6216917037963867,-17.354917526245117,4.113742351531982,-15.136310577392578,3.6304242610931396,0.47022733092308044,3.8558430671691895,-10.355730056762695,1.2419719696044922,-3.0784339904785156,0.26050370931625366,-12.331372261047363,-5.301390171051025,-9.737916946411133,-4.734210968017578,1
-350.3140563964844,92.97491455078125,11.7051362991333,24.110456466674805,2.188183546066284,-1.7317097187042236,-13.943260192871094,-5.517974376678467,-10.40556526184082,2.113253116607666,-3.4895222187042236,-3.379300117492676,-6.892556667327881,-1.348888874053955,-2.792471170425415,4.273829936981201,-7.745357036590576,1.7322641611099243,-8.470476150512695,-4.584778308868408,1
-311.081298828125,116.34898376464844,-1.3084038496017456,24.222532272338867,-3.685598850250244,4.590941429138184,-8.914594650268555,1.0820550918579102,-12.344944953918457,1.714221715927124,-4.454401969909668,6.252645492553711,-3.6449694633483887,-3.4042673110961914,-2.534364938735962,5.073723793029785,-19.100418090820312,-0.44444704055786133,-4.286609649658203,-4.1036882400512695,1
-284.1393737792969,113.80784606933594,-9.297635078430176,20.64531135559082,0.5881940722465515,0.7011715173721313,-18.66930389404297,-2.186688184738159,-24.290496826171875,5.1462082862854,-5.644804000854492,5.763720989227295,-1.689020037651062,-4.174235820770264,6.025304794311523,5.828541278839111,-8.26222038269043,3.245237112045288,-4.630596160888672,-0.37578120827674866,1
-297.72021484375,107.02824401855469,-2.1500403881073,30.367778778076172,-3.9506747722625732,-6.413759231567383,-20.95989227294922,5.537559509277344,-17.595415115356445,3.061732053756714,-6.65941858291626,-0.07656538486480713,-10.249004364013672,2.957468032836914,0.7869094610214233,-0.6253433227539062,-4.254541873931885,-2.8195488452911377,-1.7824574708938599,-2.955329418182373,1
-315.1083068847656,101.26610565185547,2.4547317028045654,26.525728225708008,2.5082602500915527,5.398701190948486,-12.303142547607422,1.3573144674301147,-18.393463134765625,4.081056118011475,-6.8826727867126465,5.186470985412598,-3.1323158740997314,1.0386912822723389,-6.85052490234375,2.6602299213409424,-4.673046588897705,-1.594671368598938,-6.511489391326904,-5.728041172027588,1
-244.96902465820312,101.72113037109375,-11.15619945526123,23.536598205566406,-0.6769943237304688,-4.966806888580322,-17.332862854003906,4.558810234069824,-26.78611946105957,5.581472396850586,-5.326668739318848,2.7270405292510986,-6.882515907287598,6.340612411499023,-3.3037867546081543,8.70535659790039,-1.6411432027816772,-1.0162783861160278,-4.798111915588379,-2.56023907661438,1
-328.7378845214844,97.35893249511719,2.630657196044922,20.437156677246094,-4.78190279006958,0.4199486970901489,-11.870132446289062,3.4084417819976807,-11.681500434875488,4.075589656829834,-6.678471088409424,-2.389002561569214,-8.632476806640625,1.3421258926391602,-3.8415746688842773,1.2526569366455078,-0.795264720916748,-0.31461256742477417,-8.73709487915039,-1.525166392326355,1
-340.8193664550781,107.88582611083984,11.924985885620117,34.690521240234375,0.4519423544406891,10.025924682617188,-9.67121410369873,11.111148834228516,-10.850860595703125,6.16904354095459,7.032588481903076,14.39299201965332,-1.361477255821228,9.038540840148926,-0.5579774975776672,6.375247001647949,-2.417515277862549,-0.45119813084602356,0.7984492182731628,0.9253215789794922,1
-364.9618225097656,93.18574523925781,-0.1608644723892212,26.8126277923584,1.3352667093276978,4.815703868865967,-16.828292846679688,-0.14452116191387177,-10.724444389343262,4.357673168182373,3.2514493465423584,7.200415134429932,-5.939706802368164,-3.8786888122558594,-2.70391845703125,9.207386016845703,-10.469188690185547,-1.7209558486938477,-8.106444358825684,0.05843037739396095,1
-265.5284118652344,81.45630645751953,-30.927921295166016,39.271541595458984,17.390459060668945,-7.125223636627197,-28.93134307861328,8.543316841125488,-17.693666458129883,17.57820701599121,-9.093706130981445,4.527708530426025,-6.699178218841553,-1.5722376108169556,2.4023561477661133,-2.0375263690948486,-3.12943959236145,-1.387367844581604,-2.0082600116729736,1.7144027948379517,1
-269.68841552734375,107.5528793334961,-33.75185775756836,39.09823226928711,8.615546226501465,-21.517282485961914,-16.461069107055664,3.7219159603118896,-29.137290954589844,10.381691932678223,-8.676289558410645,9.046874046325684,-2.9642884731292725,0.633659839630127,-6.267894268035889,-1.6805120706558228,-10.957060813903809,-4.026589393615723,-6.764283180236816,-4.485599994659424,1
-269.1270446777344,100.86528015136719,-16.547019958496094,28.374481201171875,0.8618946671485901,-8.045684814453125,-16.526973724365234,0.14747513830661774,-18.1043758392334,4.881278038024902,-2.785285711288452,4.324118137359619,-7.913473606109619,-4.221273899078369,-3.8822803497314453,0.6849085688591003,-10.234919548034668,-1.7179979085922241,-6.084068298339844,-0.5907037258148193,1
-267.1957702636719,92.75048065185547,-23.96654510498047,29.376142501831055,-0.07503605633974075,-13.705880165100098,-25.133256912231445,5.442173957824707,-17.064449310302734,8.386187553405762,-7.852765083312988,3.6576452255249023,-3.447006940841675,-2.919999122619629,-7.475628852844238,2.88155460357666,-9.913603782653809,-1.8482571840286255,-7.978215217590332,-2.280256509780884,1
-263.4209289550781,96.7126693725586,-16.5377254486084,24.49231719970703,5.5903825759887695,-10.956026077270508,-21.078964233398438,-0.1973748505115509,-18.966835021972656,4.260845184326172,-5.637686252593994,1.4083937406539917,-10.492600440979004,-3.7086448669433594,-6.308851718902588,3.1236889362335205,-8.500872611999512,1.534712791442871,-7.889054775238037,-1.9241300821304321,1
-321.4168701171875,101.9782943725586,-24.259143829345703,39.461517333984375,9.999622344970703,-2.9707388877868652,-12.119852066040039,3.221301317214966,-15.805371284484863,9.759647369384766,-0.8704671859741211,8.996941566467285,-0.39796409010887146,0.7168387770652771,-1.3105109930038452,9.153243064880371,-7.082080364227295,-1.2935274839401245,-4.942773342132568,3.03914475440979,1
-279.0093994140625,101.08687591552734,-13.508286476135254,33.24390411376953,-3.3053479194641113,-8.52556324005127,-16.044286727905273,-6.151427745819092,-30.293794631958008,7.253695964813232,-9.230548858642578,4.269700527191162,-5.9085373878479,-6.239996910095215,-3.2264363765716553,4.4383769035339355,-6.963568210601807,1.0275671482086182,-3.8871495723724365,1.3777532577514648,1
-271.204833984375,117.23395538330078,-13.24537181854248,32.00461196899414,2.5047717094421387,-4.394014835357666,-14.331175804138184,6.182685375213623,-15.287596702575684,5.2634453773498535,-4.6223320960998535,5.55071496963501,-4.400318145751953,-1.848803162574768,-3.681300401687622,5.119699954986572,-10.048449516296387,-2.1081936359405518,-6.466872215270996,-1.5228164196014404,1
-268.83050537109375,82.62701416015625,-28.400720596313477,44.4974479675293,0.5470186471939087,-13.276578903198242,-13.064722061157227,5.995244979858398,-23.56966781616211,8.874210357666016,-4.1180853843688965,14.404141426086426,-2.8867251873016357,-0.6351167559623718,-7.923948764801025,3.4444611072540283,-10.709663391113281,-1.3477061986923218,-10.230527877807617,-3.0119471549987793,1
-237.54107666015625,93.02312469482422,-20.921886444091797,37.964576721191406,1.6055666208267212,-4.628385543823242,-16.169057846069336,4.156429290771484,-19.03709602355957,4.7430548667907715,-10.519094467163086,0.8703317046165466,-7.7589592933654785,2.5687761306762695,-5.988868236541748,6.602735996246338,-4.751879692077637,-3.3197038173675537,-1.0287706851959229,-0.28704050183296204,1
-301.3690185546875,111.1146240234375,-11.968689918518066,29.395742416381836,7.2413010597229,0.5337603092193604,-17.21013832092285,3.2024972438812256,-18.736177444458008,3.3563144207000732,-6.430970191955566,1.9833358526229858,-9.241777420043945,-2.223606586456299,-8.000181198120117,4.204675674438477,-7.149960517883301,-1.7826629877090454,-6.960906505584717,-1.3695379495620728,1
-249.4619598388672,92.27317810058594,-28.456504821777344,41.88496398925781,17.32201385498047,-5.582189083099365,-25.586606979370117,2.9603946208953857,-26.84078598022461,8.27864933013916,-5.528178691864014,11.016042709350586,-11.000489234924316,-0.06198708713054657,-0.6867469549179077,2.513162851333618,-5.271260738372803,4.1779961585998535,-3.15958833694458,5.245097637176514,1
-276.58380126953125,108.62792205810547,-25.532621383666992,34.74991226196289,2.7083587646484375,-9.915261268615723,-18.037948608398438,2.904294729232788,-20.09145164489746,3.4289474487304688,-5.109817981719971,6.834047794342041,-2.1114413738250732,4.740082740783691,-0.7938483953475952,2.870279312133789,-8.386100769042969,-7.115126609802246,-0.677824854850769,0.5167259573936462,1
-228.276611328125,104.80104064941406,-16.469743728637695,30.567598342895508,14.015252113342285,-11.763021469116211,-19.33772850036621,9.759907722473145,-24.734207153320312,5.977569580078125,10.791375160217285,4.081212043762207,-4.203442573547363,0.526971161365509,-5.362901210784912,5.480058670043945,-4.578461647033691,-2.653834104537964,-6.477874279022217,0.29770833253860474,1
-282.86444091796875,94.09514617919922,-36.336917877197266,50.296905517578125,21.67926788330078,-18.264495849609375,-30.893203735351562,1.8989894390106201,-21.182146072387695,3.8475301265716553,3.651923179626465,7.700296401977539,-5.087433338165283,4.658071994781494,-2.937777519226074,8.825879096984863,-4.463452339172363,1.5824249982833862,-3.919684410095215,1.4217289686203003,1
-299.2032775878906,93.88917541503906,-2.114090919494629,36.11067581176758,-3.364863872528076,-6.180209159851074,-18.767257690429688,13.646127700805664,-25.25262451171875,3.092533588409424,-5.757650852203369,3.0353498458862305,-6.102150917053223,2.0771586894989014,-8.970860481262207,4.71770715713501,-6.30708646774292,-5.192121982574463,5.07053804397583,8.406336784362793,1
-285.7357177734375,92.02881622314453,-11.97259521484375,26.787681579589844,2.5146589279174805,-4.829691410064697,-22.612712860107422,-0.3462449312210083,-16.795249938964844,9.406109809875488,-2.865471124649048,8.517334938049316,-6.481355667114258,-1.4963562488555908,-2.6700100898742676,-0.49636194109916687,-12.303788185119629,-2.321211576461792,-8.24392032623291,-1.7872304916381836,1
-356.1859130859375,99.12356567382812,-20.768491744995117,37.940303802490234,9.243474960327148,-0.11824621260166168,-13.5611572265625,7.2219038009643555,-12.526317596435547,11.082539558410645,-0.7615169286727905,10.69395923614502,1.579148292541504,5.342540740966797,0.16331788897514343,5.887929439544678,-5.7818403244018555,1.28677237033844,0.817279577255249,2.592755079269409,1
-224.06443786621094,109.21143341064453,-42.404361724853516,46.63113021850586,15.0051908493042,-16.089420318603516,-23.866514205932617,3.1668853759765625,-32.70521545410156,8.950636863708496,1.5975189208984375,0.2788320481777191,-5.269068717956543,8.402495384216309,0.7299719452857971,7.079005718231201,-6.322087287902832,-1.197768211364746,-8.531585693359375,-0.6319445371627808,1
-264.11212158203125,91.27363586425781,-16.14794158935547,29.93746566772461,-1.615755558013916,-5.33372688293457,-17.325292587280273,-0.31311431527137756,-14.167630195617676,6.203197479248047,-4.733789920806885,1.4932842254638672,-4.364582538604736,-0.06572449207305908,0.6166011095046997,4.723114490509033,-9.105515480041504,1.6957794427871704,-9.17197036743164,0.7480244636535645,1
-246.27357482910156,84.91597747802734,-42.964927673339844,35.82838821411133,14.242711067199707,-17.82170867919922,-25.129465103149414,8.595376014709473,-17.552886962890625,6.318365573883057,-1.5525747537612915,6.450451374053955,-3.577244281768799,3.8797836303710938,-5.154322147369385,1.5488944053649902,-9.011061668395996,-0.9199421405792236,-5.939043998718262,-0.6274654269218445,1
-298.5712890625,89.96564483642578,-16.767807006835938,29.277925491333008,9.747190475463867,-7.214302062988281,-10.601104736328125,6.154956817626953,-12.918851852416992,11.422762870788574,-2.0861778259277344,6.275170803070068,-1.264121413230896,-3.364557981491089,-6.7052202224731445,6.640081882476807,-9.877079963684082,-5.964840888977051,-9.10464859008789,-0.9224458932876587,1
-276.2986145019531,82.30479431152344,-22.03815269470215,16.61020278930664,-4.240996837615967,-2.3073928356170654,-14.88117504119873,5.602436065673828,-13.703625679016113,4.05347204208374,-7.456873893737793,1.5311239957809448,-4.062122344970703,2.452441692352295,-2.6491198539733887,2.291726589202881,-9.875885963439941,0.40354305505752563,-7.025378227233887,1.8764927387237549,1
-259.42681884765625,112.24597930908203,-24.65867042541504,25.632997512817383,-8.775707244873047,-7.509430885314941,-14.601061820983887,6.228883743286133,-19.7744083404541,6.0364885330200195,-8.153031349182129,6.931641101837158,-2.9673759937286377,-3.2430317401885986,0.10842158645391464,1.8698545694351196,-9.150954246520996,-2.260897636413574,-7.158744812011719,-6.316283226013184,1
-292.8725280761719,105.8453369140625,-22.25844383239746,37.1948356628418,2.042752504348755,-11.642325401306152,-15.68754768371582,1.723115086555481,-25.83135223388672,8.490144729614258,1.4006296396255493,6.580546855926514,1.5156519412994385,-3.2051892280578613,-4.782419681549072,3.884178400039673,-10.389281272888184,-3.160281181335449,-1.8978039026260376,-3.161937713623047,1
-281.8625183105469,74.58409118652344,-26.419811248779297,43.5473518371582,7.267105579376221,-3.4435391426086426,-21.66982078552246,6.835852146148682,-14.752617835998535,9.711487770080566,3.602121353149414,5.909026145935059,-5.029484272003174,5.4103779792785645,-0.23113848268985748,4.80058479309082,-10.889758110046387,0.28338146209716797,-1.413411021232605,1.6915955543518066,1
-240.38058471679688,94.5058822631836,-34.84577178955078,27.34717559814453,2.698296070098877,-19.84321403503418,-21.977834701538086,4.072333812713623,-14.3225736618042,6.301721572875977,-7.273937702178955,2.68123459815979,-2.332301616668701,-1.294888973236084,-8.36255931854248,2.5033621788024902,-7.412597179412842,-0.5744398832321167,-7.665816307067871,-1.8158658742904663,1
-320.96868896484375,92.3404769897461,-27.345476150512695,38.56084060668945,5.168554306030273,-8.63145637512207,-18.401525497436523,2.3820607662200928,-19.368005752563477,9.510499000549316,-1.5075631141662598,8.902653694152832,-6.241790294647217,3.7767014503479004,2.2415037155151367,-0.4704681932926178,-8.914876937866211,2.6594278812408447,-4.376994609832764,-5.387197971343994,1
-305.8643493652344,96.99629974365234,-23.134897232055664,39.496063232421875,21.764934539794922,0.6523686647415161,-20.835493087768555,6.149888515472412,-14.644402503967285,4.055652618408203,-11.236526489257812,0.6160842776298523,-3.6549019813537598,3.1394195556640625,-0.24634405970573425,4.016294479370117,-5.743714809417725,3.4558932781219482,-6.502352237701416,5.95131254196167,1
-274.2405700683594,98.18772888183594,-10.644976615905762,36.26374053955078,2.5557422637939453,-1.7345637083053589,-23.021034240722656,2.0985214710235596,-18.8470516204834,3.5097780227661133,-1.1853240728378296,4.935324192047119,-8.764618873596191,-4.24897575378418,-0.05466067045927048,2.482760429382324,-11.831424713134766,-0.7849417924880981,-6.343482494354248,-2.6645681858062744,1
-233.80059814453125,89.50653839111328,-23.911548614501953,41.59867858886719,16.67056655883789,-7.535965919494629,-27.350540161132812,4.602050304412842,-27.666711807250977,8.78127670288086,0.7651779651641846,3.551342725753784,-5.2452545166015625,2.0379154682159424,5.942709445953369,10.500666618347168,-7.283214569091797,9.217915534973145,-0.5292317867279053,8.391875267028809,1
-267.66082763671875,108.00250244140625,-32.920928955078125,34.02956771850586,4.183582305908203,-12.662484169006348,-12.5475492477417,3.863323450088501,-20.514209747314453,6.553117275238037,-7.389390468597412,3.389873743057251,-6.842568397521973,-1.3196978569030762,-13.355567932128906,2.7063660621643066,-10.085779190063477,-8.073307991027832,-9.531011581420898,-2.6553966999053955,1
-261.292724609375,98.4897689819336,-10.482744216918945,32.28986358642578,3.0966691970825195,-9.564507484436035,-20.50865364074707,-0.7037762403488159,-22.358184814453125,5.117330551147461,-1.3137658834457397,8.239307403564453,-4.512754917144775,-3.951474189758301,-5.5797319412231445,4.425629615783691,-12.351652145385742,-3.4722676277160645,-8.725231170654297,-3.0480895042419434,1
-257.5550231933594,114.02254486083984,-19.150936126708984,24.840620040893555,-12.071141242980957,-14.426705360412598,-20.051719665527344,1.6351852416992188,-28.215538024902344,7.158122539520264,-13.342793464660645,1.2708961963653564,-3.8528385162353516,0.20509283244609833,-1.6304776668548584,-0.24046719074249268,-9.166339874267578,-0.7652482390403748,-7.152877330780029,-3.4195923805236816,1
-278.7230224609375,100.34669494628906,-26.96392250061035,32.39067077636719,8.739165306091309,-12.257031440734863,-20.554718017578125,4.328042984008789,-24.73207664489746,14.632366180419922,-0.8389572501182556,8.016586303710938,-6.43120002746582,0.6732054948806763,-4.599958896636963,4.642045497894287,-8.0579833984375,-5.841523170471191,-3.48970365524292,-1.8801946640014648,1
-263.80255126953125,81.54256439208984,-10.03627872467041,35.863277435302734,5.971863746643066,-8.545648574829102,-34.805381774902344,0.6985434889793396,-18.49722671508789,6.448119640350342,-13.88767147064209,6.094074726104736,-8.82574462890625,-4.742455005645752,-0.22343462705612183,-0.9459248185157776,-4.951944351196289,-2.732231378555298,-2.4712889194488525,5.358124256134033,1
-317.40704345703125,90.06395721435547,-10.714672088623047,32.98465347290039,6.982259750366211,1.5657514333724976,-20.323102951049805,4.791477680206299,-23.52936553955078,-2.1024835109710693,-6.598493576049805,0.25715675950050354,-5.255943775177002,4.608117580413818,-2.454340696334839,4.926945686340332,-2.9258830547332764,4.932415008544922,-0.0499843955039978,2.1492197513580322,1
-264.9204406738281,100.97818756103516,-32.714195251464844,37.7546272277832,3.34631609916687,-6.633184432983398,-17.338088989257812,-2.9392223358154297,-27.405078887939453,8.675704002380371,-3.5572140216827393,6.153295516967773,-3.2350716590881348,1.4190717935562134,-3.254295825958252,9.447382926940918,-8.955473899841309,2.7507822513580322,0.24589528143405914,1.035770058631897,1
-274.845703125,110.66210174560547,-26.011255264282227,35.91069793701172,-3.2888219356536865,-7.394556045532227,-17.365087509155273,-2.3095474243164062,-22.927215576171875,12.604227066040039,-3.752288818359375,11.076508522033691,-1.9234085083007812,0.49573269486427307,-0.970304548740387,4.640152454376221,-6.926913738250732,-2.9828076362609863,-3.961125135421753,-3.127713680267334,1
-276.53167724609375,93.1288070678711,-18.890939712524414,38.431304931640625,8.4905366897583,-5.790449619293213,-19.584693908691406,6.505562782287598,-19.126771926879883,10.495101928710938,-9.704174995422363,9.13471508026123,-0.38704821467399597,-1.979171872138977,-7.717543601989746,4.5843048095703125,-12.661526679992676,-6.166811943054199,-9.283982276916504,-0.4722331166267395,1
-284.9842529296875,97.44165802001953,-27.05131721496582,38.869380950927734,23.9416561126709,-8.928569793701172,-24.656179428100586,0.7050262093544006,-16.40036964416504,14.712553977966309,-5.638904094696045,8.454842567443848,-2.2327640056610107,1.625255823135376,-5.517962455749512,-0.8820768594741821,-9.42990779876709,3.0261895656585693,-9.67598819732666,-3.8369266986846924,1
-220.43434143066406,92.41236877441406,-31.03982162475586,31.676250457763672,-2.747804880142212,-10.687056541442871,-13.357892036437988,11.092122077941895,-28.389551162719727,3.413756847381592,-0.8466718792915344,9.875935554504395,3.2238242626190186,-1.8475689888000488,-10.245511054992676,6.68818998336792,-15.88210391998291,-5.060956954956055,-4.701284408569336,2.9786367416381836,1
-286.36529541015625,103.45572662353516,-21.470773696899414,35.75009536743164,16.504535675048828,-4.817617416381836,-11.914968490600586,6.530827522277832,-16.228479385375977,9.409544944763184,-0.4442744553089142,10.951946258544922,-4.959479331970215,0.5701895952224731,-1.9033234119415283,3.839632749557495,-9.20556640625,-1.6183409690856934,-6.175169467926025,-0.23877793550491333,1
-306.5807800292969,93.75834655761719,-16.869234085083008,31.744062423706055,0.1655595898628235,-10.365409851074219,-18.204925537109375,2.0775434970855713,-23.270431518554688,5.916333198547363,2.9031472206115723,10.407318115234375,-6.859801769256592,0.7425878643989563,-1.1620551347732544,1.4322571754455566,-3.7446460723876953,-1.4401562213897705,0.8913779258728027,-3.1446776390075684,1
-275.8643798828125,84.27313232421875,-28.933855056762695,34.53943634033203,2.38649582862854,2.7538886070251465,-21.456918716430664,11.545053482055664,-5.739390850067139,3.76383638381958,-8.711270332336426,5.890427112579346,-10.574899673461914,-3.909832000732422,6.360569000244141,-7.92756462097168,-7.144344806671143,-1.032693862915039,-8.84428596496582,-0.7624281644821167,1
-275.52130126953125,80.76802825927734,-8.855490684509277,52.61766052246094,22.82029914855957,-8.07992935180664,-26.871896743774414,2.4845364093780518,-17.4145565032959,-1.0531930923461914,-6.254108428955078,-2.022477149963379,-4.513991355895996,0.9165759086608887,5.389523983001709,5.92317008972168,-3.1987833976745605,5.251237392425537,-2.681420087814331,-1.3813444375991821,1
-269.7054748535156,80.88463592529297,-33.36477279663086,39.9598274230957,14.481581687927246,-6.075104713439941,-24.359708786010742,-6.093661785125732,-24.21240997314453,6.166109085083008,-0.38804224133491516,11.350204467773438,-14.080758094787598,2.9456160068511963,4.707245349884033,7.73177433013916,-4.8007636070251465,1.4904050827026367,-4.593106269836426,4.718827724456787,1
-264.186767578125,109.6014633178711,-31.825847625732422,41.75704574584961,8.353219032287598,-14.196027755737305,-22.640270233154297,-3.1062817573547363,-25.47018814086914,15.629690170288086,0.09012722969055176,1.5118595361709595,3.9698166847229004,-2.6017203330993652,2.9322736263275146,6.564761161804199,-9.864419937133789,-3.9692773818969727,-2.7944650650024414,-2.5718026161193848,1
-293.8240051269531,91.99068450927734,-39.524452209472656,28.125553131103516,-0.34631678462028503,-8.450173377990723,-12.379319190979004,4.935604095458984,-21.881502151489258,12.762629508972168,-0.5926396250724792,-1.134755253791809,-4.680371284484863,1.9553288221359253,1.289334774017334,3.3667218685150146,-7.188279151916504,0.9088852405548096,-3.3524205684661865,-1.0332133769989014,1
-274.430908203125,89.1952133178711,-39.9976806640625,39.297367095947266,2.7460267543792725,-18.998510360717773,-18.84569549560547,-0.5747463703155518,-24.585330963134766,13.386887550354004,-3.789304494857788,13.738871574401855,-4.161716461181641,-8.613895416259766,-3.7771267890930176,8.788897514343262,-4.623466491699219,-0.09416260570287704,-1.1995084285736084,2.4723281860351562,1
-287.25872802734375,105.1837158203125,-17.34961700439453,34.9517822265625,1.7519395351409912,-14.031961441040039,-9.434996604919434,9.316549301147461,-12.540849685668945,11.999855995178223,-3.1568894386291504,8.994559288024902,-1.6615993976593018,0.875730574131012,-3.7740254402160645,4.602575778961182,-10.062180519104004,-1.741897702217102,-6.4929327964782715,-3.643925905227661,1
-253.12307739257812,102.81210327148438,-46.939720153808594,33.07408142089844,13.51938247680664,-22.89167594909668,-27.591787338256836,6.633520126342773,-18.186317443847656,12.313675880432129,-6.185526371002197,1.8502717018127441,-1.7497837543487549,3.160562515258789,-5.44471549987793,3.9214582443237305,-6.409909248352051,-4.9148688316345215,-7.381229400634766,-2.245955467224121,1
-270.1182556152344,81.61897277832031,-53.62376022338867,38.5858154296875,10.684985160827637,-10.442856788635254,-22.517532348632812,-0.12866708636283875,-29.766483306884766,25.609323501586914,-14.327648162841797,7.584577560424805,0.3623671233654022,-0.7842187881469727,-2.8309714794158936,5.014278888702393,-10.229842185974121,-0.7462168335914612,-4.612222194671631,3.031827449798584,1
-284.67047119140625,110.6882095336914,-21.362512588500977,36.5156364440918,3.1698148250579834,-6.582521915435791,-16.456790924072266,4.412153244018555,-14.942963600158691,7.251596450805664,1.7722941637039185,12.488411903381348,6.858223915100098,1.0004178285598755,-4.953847408294678,2.1719248294830322,-5.737605571746826,-2.0770339965820312,-5.648792743682861,0.8895163536071777,1
-281.12506103515625,108.2223892211914,-17.730327606201172,37.07798767089844,-1.7635600566864014,-10.666665077209473,-17.80669593811035,1.6517928838729858,-22.455101013183594,3.10929012298584,-8.008594512939453,3.259690284729004,-5.962497711181641,-0.018841467797756195,-0.14924238622188568,1.9001139402389526,-8.640042304992676,-0.905784010887146,-3.764153003692627,-2.0002357959747314,1
-292.9399108886719,103.98768615722656,-13.027835845947266,42.41944122314453,4.744480609893799,-9.459578514099121,-19.482471466064453,-2.717397928237915,-20.57512092590332,2.8248815536499023,-9.876567840576172,5.557802677154541,-1.3585028648376465,0.5118680596351624,2.8969671726226807,2.369640827178955,-8.424745559692383,-2.71012806892395,-3.1178245544433594,-3.6273751258850098,1
-282.3396301269531,105.71636962890625,-14.845857620239258,38.308658599853516,2.587810516357422,-7.898177623748779,-19.44745635986328,-5.386505126953125,-22.478748321533203,2.800992965698242,-6.313640594482422,7.199520587921143,-2.4635751247406006,2.548039436340332,-3.3453028202056885,6.093259334564209,-8.349778175354004,-1.4890542030334473,-1.6319388151168823,-2.1149144172668457,1
-182.06748962402344,90.84070587158203,-44.08698272705078,46.1294059753418,9.303633689880371,-26.4569034576416,-26.12725067138672,-9.236398696899414,-32.714515686035156,11.089995384216309,-3.781959056854248,5.462047576904297,-0.7223433256149292,-1.0563979148864746,1.9757273197174072,4.926623821258545,-12.875609397888184,-1.759073257446289,-3.097731351852417,2.9166202545166016,1
-283.8550109863281,95.41385650634766,-15.055482864379883,38.26573181152344,9.685791969299316,-2.0130655765533447,-15.812094688415527,3.0952558517456055,-14.376678466796875,5.914435863494873,-10.410822868347168,2.0936436653137207,-6.485573768615723,-1.9775372743606567,-5.058637619018555,0.08749666810035706,-8.708394050598145,-1.7075307369232178,-7.01043701171875,-0.9124282598495483,1
-301.01629638671875,97.56193542480469,-31.902587890625,38.17435073852539,13.362899780273438,-2.9719841480255127,-18.010412216186523,7.500939846038818,-11.719564437866211,7.880893707275391,4.111791133880615,11.476536750793457,-3.3960001468658447,1.0444964170455933,-4.705423355102539,6.764524936676025,-8.495454788208008,-2.1622188091278076,-7.223231792449951,0.6099593639373779,1
-241.56903076171875,86.55351257324219,-42.595340728759766,43.59609603881836,0.33130642771720886,-18.29143524169922,-19.11021614074707,-0.710024356842041,-15.609247207641602,12.556987762451172,-6.923056125640869,12.08030891418457,2.384220600128174,-0.9081628322601318,-7.1584343910217285,-1.5425938367843628,-13.426481246948242,-0.33340713381767273,-7.2334394454956055,-0.9540834426879883,1
-303.9807434082031,108.30809783935547,-24.400114059448242,35.99906921386719,6.493753910064697,-9.559618949890137,-18.41105842590332,4.181144714355469,-20.97992515563965,5.162395477294922,0.20208802819252014,6.891408443450928,-4.426760196685791,2.5789389610290527,-5.150296688079834,-0.5063937902450562,-9.851773262023926,-5.763749122619629,-9.582291603088379,-2.0324950218200684,1
-306.1715087890625,86.89281463623047,-11.24510669708252,18.33456039428711,5.052948951721191,-6.391176223754883,-13.276399612426758,-0.8826619386672974,-16.05640983581543,-2.8005363941192627,-3.367928981781006,2.4412965774536133,-5.882059097290039,-0.3643815815448761,-3.8875551223754883,4.918313026428223,-7.745126247406006,-2.2779700756073,-8.440784454345703,0.9388623237609863,1
-237.16209411621094,87.19075012207031,-33.095741271972656,40.1810417175293,11.03987979888916,-13.799941062927246,-18.260536193847656,-0.40087559819221497,-19.383241653442383,5.612013339996338,-2.1567344665527344,9.97287654876709,1.6952096223831177,-4.610265254974365,-9.927967071533203,4.220026016235352,-13.270818710327148,-2.2262563705444336,-9.285030364990234,-1.8498395681381226,1
-255.65916442871094,92.43208312988281,-29.328227996826172,48.22434997558594,7.286924362182617,-21.371118545532227,-22.053112030029297,2.2236413955688477,-33.6810302734375,6.6391072273254395,-5.5893330574035645,6.345930099487305,-8.688621520996094,1.3768954277038574,5.355375289916992,6.652657508850098,-9.80106258392334,2.61952543258667,0.0631173625588417,0.17284081876277924,1
-271.0339660644531,107.55813598632812,-30.405717849731445,35.66325378417969,4.836309432983398,-18.42406463623047,-19.675460815429688,7.853764057159424,-15.486003875732422,7.319147109985352,-0.23512135446071625,3.720612049102783,-6.846743106842041,0.9508187770843506,-1.5858845710754395,-1.7557852268218994,-5.112258434295654,-1.9170774221420288,-4.672207355499268,-2.229063034057617,1
-267.15325927734375,87.87590789794922,-39.777992248535156,48.73442840576172,14.576663970947266,-21.434783935546875,-19.239782333374023,4.906495571136475,-26.642677307128906,4.477534770965576,-0.4416707754135132,13.49398422241211,-4.67110013961792,2.5193276405334473,-2.7371785640716553,5.325808048248291,-11.917749404907227,-2.056450366973877,-9.174562454223633,-3.0189690589904785,1
-266.780029296875,103.7890625,-19.379117965698242,39.54334259033203,-2.369194746017456,-9.433221817016602,-18.335933685302734,0.0421924851834774,-30.022245407104492,4.987782001495361,-4.386768817901611,5.749177932739258,-2.2515149116516113,0.9113953113555908,-2.6929783821105957,5.51759147644043,-7.924439430236816,-2.130051374435425,-1.4319032430648804,-4.392670631408691,1
-240.7685546875,82.91727447509766,-28.376258850097656,34.3364143371582,8.324542999267578,-21.946861267089844,-20.228069305419922,1.5311743021011353,-16.93301773071289,13.121114730834961,-10.51724910736084,3.1245272159576416,-2.1464107036590576,0.47639816999435425,-4.6359333992004395,1.7347725629806519,-8.969688415527344,-1.9451630115509033,-6.554145812988281,-7.467380523681641,1
-294.50103759765625,87.61920928955078,-19.55859375,49.419979095458984,12.482181549072266,-4.883153915405273,-15.441312789916992,7.281442165374756,-18.187368392944336,12.101072311401367,0.9502765536308289,10.642242431640625,0.436017245054245,6.194961071014404,-0.690238893032074,6.028030872344971,-7.600207805633545,-0.5199938416481018,-0.23202256858348846,3.504272699356079,1
-304.4099426269531,95.67818450927734,-23.26263999938965,36.125370025634766,5.631046772003174,-13.349624633789062,-17.95158576965332,2.247714042663574,-16.924402236938477,6.376777648925781,1.571713924407959,8.97800350189209,-6.048463344573975,-5.6653289794921875,-1.3088209629058838,4.837265968322754,-12.755646705627441,-3.4635186195373535,-7.221409320831299,-1.2356687784194946,1
-287.83526611328125,131.32371520996094,-27.54163360595703,13.69875717163086,-9.684393882751465,3.665231466293335,-13.623251914978027,-3.643681287765503,-18.637420654296875,1.2130769491195679,-8.573393821716309,-1.5388362407684326,-7.720486640930176,-12.668097496032715,-15.606389999389648,1.0944212675094604,-15.643819808959961,-9.726479530334473,-5.4229021072387695,-1.4809081554412842,0
-232.71127319335938,108.768310546875,-26.10493278503418,14.949661254882812,-13.335076332092285,-8.181296348571777,-22.25790023803711,-3.6670103073120117,-8.004090309143066,-0.43579208850860596,-12.567152976989746,-1.0190250873565674,-12.795501708984375,-2.546029806137085,-15.386734962463379,-5.793100357055664,-11.70233154296875,1.5156612396240234,-5.721088409423828,-3.8427987098693848,0
-202.56675720214844,115.94158172607422,-29.71990394592285,14.252756118774414,-2.2263262271881104,-3.981738805770874,-16.57731819152832,-8.622264862060547,-18.609228134155273,-1.7836588621139526,-10.881710052490234,-4.953151226043701,-18.84977912902832,-6.474106311798096,-12.941205024719238,-0.2268316149711609,-13.525018692016602,-5.806483268737793,-6.459373474121094,-7.401638507843018,0
-167.22885131835938,121.92778015136719,-46.414390563964844,7.95186185836792,-11.611645698547363,-6.840176582336426,-15.55774211883545,-8.803511619567871,-11.991538047790527,-2.371164083480835,-18.096956253051758,-9.524672508239746,-16.0164794921875,-6.837235927581787,-12.244726181030273,-0.04279355704784393,-10.415281295776367,-1.806127667427063,-1.4197089672088623,-4.622459888458252,0
-148.49952697753906,121.19758605957031,-49.71806716918945,4.763416767120361,-12.854735374450684,-10.348274230957031,-13.732913970947266,-16.067819595336914,-13.573455810546875,0.06029677391052246,-12.129273414611816,-3.123911142349243,-19.214574813842773,-12.050494194030762,-9.35975456237793,2.4166054725646973,-12.928067207336426,-1.6915584802627563,-5.350215435028076,-3.6183829307556152,0
-211.31512451171875,133.91366577148438,-31.581514358520508,6.441156387329102,-2.21299147605896,-4.730016708374023,-16.85248565673828,-6.033172607421875,-6.068917751312256,0.6838240027427673,-12.182964324951172,-5.274112224578857,-13.864151000976562,-6.951491832733154,-11.706814765930176,-5.818697929382324,-13.620146751403809,-6.033602714538574,-5.9707350730896,0.06478682160377502,0
-191.54127502441406,143.1154327392578,-42.334197998046875,8.139739990234375,-16.446823120117188,-4.151698589324951,-12.638803482055664,-12.433521270751953,-20.721088409423828,5.517171859741211,-11.311064720153809,0.9913429021835327,-8.067020416259766,-10.2667818069458,-14.25753116607666,4.978722095489502,-15.807098388671875,-6.685575485229492,-2.279831886291504,-3.852381706237793,0
-193.08592224121094,128.06443786621094,-39.65377426147461,-3.2461938858032227,-18.604820251464844,1.5955619812011719,-18.191919326782227,-2.547309637069702,-3.162630558013916,-4.223150253295898,-11.227095603942871,-2.590667486190796,-15.734912872314453,0.527783989906311,-15.944986343383789,-9.66963005065918,-11.865188598632812,-6.908409118652344,-9.852900505065918,-0.6541191935539246,0
-213.21893310546875,123.4138412475586,-26.503034591674805,11.043013572692871,-9.058897972106934,1.1017580032348633,-19.322946548461914,-4.27719259262085,-4.458220481872559,-1.7287318706512451,-5.736788272857666,1.1735974550247192,-15.770755767822266,-4.043805122375488,-13.193904876708984,-4.556933879852295,-9.594234466552734,-2.0275797843933105,-9.116469383239746,-0.3964315354824066,0
-209.16770935058594,118.03994750976562,-27.18329429626465,10.134082794189453,-10.767594337463379,2.6489646434783936,-17.25865364074707,-6.156221389770508,-4.425908088684082,-0.1409684419631958,-8.073680877685547,-2.9627914428710938,-19.915977478027344,-3.205165147781372,-15.172637939453125,-5.251237869262695,-10.03347396850586,-1.0235228538513184,-5.975343704223633,0.5105956196784973,0
-184.79183959960938,132.16822814941406,-36.49900436401367,-2.3259682655334473,-14.347118377685547,-1.494284749031067,-16.325197219848633,-9.48293399810791,-13.131051063537598,3.3965444564819336,-8.139619827270508,-3.4481475353240967,-19.76963996887207,-8.710407257080078,-10.832869529724121,-0.37737175822257996,-17.079923629760742,-6.919734001159668,-6.393275260925293,-4.953619003295898,0
-213.96807861328125,112.0696029663086,-25.069482803344727,12.701650619506836,-11.579784393310547,1.343173623085022,-13.382137298583984,-7.907118320465088,-14.610891342163086,-7.160084247589111,-11.40456485748291,-3.097536563873291,-15.63162899017334,-3.270000696182251,-8.31292724609375,-2.4243533611297607,-18.91671371459961,-4.635334491729736,-5.516806125640869,-3.9192657470703125,0
-222.04937744140625,125.17141723632812,-27.578102111816406,12.098825454711914,-20.256227493286133,-2.9294769763946533,-28.234697341918945,-4.951920032501221,-7.661003589630127,-0.7471019625663757,-4.3689069747924805,-2.2194631099700928,-15.108643531799316,-1.2837326526641846,-12.643697738647461,-2.430772542953491,-16.978355407714844,-6.908952713012695,-4.4577555656433105,0.21653814613819122,0
-199.58460998535156,127.51708984375,-30.23170280456543,0.2130023092031479,-23.615556716918945,-1.8359622955322266,-15.302959442138672,-6.525742053985596,-10.242996215820312,1.5479614734649658,-6.089312553405762,-1.1140857934951782,-17.75101661682129,-7.686100482940674,-12.132004737854004,-2.5486297607421875,-19.28423309326172,-8.407228469848633,-4.040073871612549,-2.598461627960205,0
-198.30307006835938,124.06237030029297,-22.545452117919922,-3.100142478942871,-9.910781860351562,-2.5194284915924072,-13.165022850036621,-3.242798089981079,-19.05293083190918,2.3596246242523193,-4.958122730255127,3.9939849376678467,-10.980151176452637,-7.7683186531066895,-10.10464096069336,1.7448832988739014,-21.687671661376953,-7.089932441711426,-3.646077871322632,-4.235744476318359,0
-237.6560516357422,119.77462768554688,-18.819721221923828,0.371909499168396,-13.045544624328613,0.4354850947856903,-19.615251541137695,-4.212068557739258,-9.208086967468262,-3.0655558109283447,-10.603331565856934,5.136552333831787,-13.383956909179688,-8.667170524597168,-12.411792755126953,-1.9585583209991455,-10.481803894042969,-1.215672492980957,-10.8463716506958,-6.087245464324951,0
-256.8270263671875,115.08013153076172,-9.564840316772461,5.641899585723877,-11.739691734313965,2.0403809547424316,-20.80332374572754,-2.4374983310699463,-9.230033874511719,-2.5742833614349365,-8.403458595275879,-2.4613609313964844,-16.437795639038086,-1.4009432792663574,-10.003010749816895,0.8626880049705505,-11.017165184020996,-3.695284843444824,-7.749378681182861,-1.6627238988876343,0
-217.37037658691406,129.07923889160156,-31.13323402404785,11.012642860412598,-17.72669792175293,-3.400494337081909,-10.279313087463379,-9.682140350341797,-18.122270584106445,-5.691263198852539,-9.905933380126953,2.3666625022888184,-7.9676408767700195,1.3132866621017456,-16.478572845458984,0.1300615668296814,-12.092131614685059,-9.538484573364258,-2.058746337890625,1.2031152248382568,0
-219.13124084472656,124.2430648803711,-32.2720832824707,13.639267921447754,-21.874526977539062,-5.508257865905762,-16.43579864501953,-3.6898725032806396,-6.268354415893555,-0.17312444746494293,-14.388100624084473,-4.057275772094727,-12.933016777038574,-12.25826644897461,-11.488625526428223,0.8494358062744141,-13.829471588134766,-1.9706772565841675,-5.366881847381592,-4.993678569793701,0
-192.0302734375,125.0733413696289,-33.75938415527344,-4.055939674377441,-17.930601119995117,1.1133908033370972,-18.385217666625977,-12.926631927490234,-7.43007230758667,-1.415948510169983,-10.376986503601074,-7.104095935821533,-19.80196762084961,-3.039592742919922,-17.2574520111084,-5.301153182983398,-12.340147972106934,-4.848901748657227,-5.771759510040283,2.5919737815856934,0
-178.76527404785156,132.9003448486328,-37.12186813354492,6.63578462600708,-23.60844612121582,-1.210605502128601,-17.304983139038086,-6.524543285369873,-11.399798393249512,-9.067120552062988,-8.209145545959473,-3.764519453048706,-18.316617965698242,-5.788431167602539,-10.794657707214355,-2.051427125930786,-14.274465560913086,-7.234048843383789,-9.089919090270996,-0.426824688911438,0
-165.78895568847656,124.07028198242188,-36.946659088134766,3.5864152908325195,-15.019486427307129,-1.8092750310897827,-19.847110748291016,-13.740647315979004,-12.397871971130371,-3.043318271636963,-12.219013214111328,-4.37740421295166,-19.2359676361084,-5.471510887145996,-12.558768272399902,-0.8651027083396912,-15.146958351135254,-7.259436130523682,-6.850418567657471,-4.3534674644470215,0
-182.189453125,130.91941833496094,-38.73247146606445,2.8856770992279053,-13.848770141601562,-1.445407509803772,-21.701995849609375,-11.95156192779541,-12.831170082092285,-5.263248920440674,-13.0579833984375,-1.6502361297607422,-17.878917694091797,-5.506985187530518,-20.03590965270996,-2.5778653621673584,-15.716048240661621,-11.051568031311035,-9.21658706665039,-2.5606844425201416,0
-209.98846435546875,125.29271697998047,-25.883373260498047,9.871010780334473,-12.464821815490723,0.6383476853370667,-11.319777488708496,-7.435142517089844,-18.354116439819336,-2.8077332973480225,-4.537471294403076,1.5927653312683105,-19.537220001220703,-7.281206130981445,-10.63797378540039,1.76743745803833,-12.514472007751465,-8.702155113220215,-9.217881202697754,-2.3880224227905273,0
-194.65145874023438,128.7067413330078,-36.13572692871094,0.49706900119781494,-13.023894309997559,-1.7019951343536377,-22.6341609954834,-9.759566307067871,-10.824088096618652,-6.849708557128906,-9.142827987670898,-3.733734369277954,-19.24188995361328,-3.9436445236206055,-17.48412322998047,-3.4718759059906006,-9.012158393859863,-7.433934211730957,-7.352306842803955,-2.73539137840271,0
-189.69544982910156,126.6781997680664,-48.59236145019531,14.706948280334473,-17.729948043823242,-3.931241750717163,-18.650304794311523,-9.840340614318848,-8.630187034606934,-2.607837438583374,-9.26852798461914,-2.316368341445923,-18.975849151611328,-4.816146373748779,-13.017309188842773,-3.827697992324829,-13.381070137023926,-10.2405366897583,-6.562976360321045,3.3808176517486572,0
-153.7699737548828,123.90390014648438,-39.14761734008789,3.8819046020507812,-22.155357360839844,-4.311011791229248,-18.320674896240234,-10.069398880004883,-16.282289505004883,-7.43498420715332,-9.908004760742188,-4.499643802642822,-20.596405029296875,-7.6209259033203125,-19.773542404174805,-5.18678617477417,-13.58349609375,-8.702506065368652,-7.521203517913818,-3.647747278213501,0
-170.24578857421875,121.4749526977539,-32.872535705566406,-4.010872840881348,-12.476480484008789,-6.7358598709106445,-20.61296844482422,-7.6175127029418945,-6.570003032684326,0.9382131695747375,-9.76938533782959,-1.802021861076355,-18.539030075073242,0.1810646951198578,-10.24168872833252,-9.156425476074219,-9.088698387145996,-1.1783044338226318,-6.828489303588867,-1.1201343536376953,0
-221.5705108642578,117.04639434814453,-27.673999786376953,16.9931697845459,-4.3935627937316895,-10.015959739685059,-28.753753662109375,-5.584933280944824,-4.6580491065979,-0.8785694241523743,-10.276103019714355,2.769413471221924,-15.359859466552734,-1.4983350038528442,-12.607720375061035,-6.133284091949463,-9.196267127990723,-5.221857070922852,-6.77783203125,4.3418965339660645,0
-232.92027282714844,141.24119567871094,-29.806055068969727,14.455327987670898,-13.762824058532715,3.5111119747161865,-12.834753036499023,-1.7734566926956177,-6.680634021759033,5.117976665496826,-9.829461097717285,-6.887829780578613,-13.372458457946777,-0.6078094840049744,-11.51351547241211,0.507129967212677,-11.050507545471191,-3.6600732803344727,-1.4728035926818848,0.8972265720367432,0
-235.3380889892578,132.8689727783203,-17.91148567199707,5.49494743347168,-9.893123626708984,5.244816303253174,-17.181333541870117,-8.522948265075684,-10.733023643493652,-2.014707088470459,-8.920149803161621,-1.655427098274231,-13.2698335647583,-6.397953987121582,-18.27885627746582,-3.3453009128570557,-13.677082061767578,-7.55441427230835,-9.243544578552246,-2.5321521759033203,0
-195.3525390625,114.72826385498047,-22.013145446777344,3.2305734157562256,-7.591020107269287,-0.1794893592596054,-21.110002517700195,-5.561132907867432,-13.29202651977539,-6.654228687286377,-12.590802192687988,-0.7139822840690613,-15.890732765197754,-5.823306083679199,-15.490649223327637,-4.720852375030518,-14.235040664672852,-2.6840314865112305,-6.975695610046387,-6.492012023925781,0
-191.72422790527344,119.3967514038086,-33.99399185180664,-5.253215312957764,-19.714513778686523,-0.15994688868522644,-14.997710227966309,-7.490261554718018,-6.531946182250977,-2.771266222000122,-9.80285358428955,-1.512744426727295,-13.958144187927246,-3.230980634689331,-16.13287925720215,-3.4461851119995117,-15.229358673095703,-6.984283924102783,-6.5883331298828125,-1.9215712547302246,0
-155.72691345214844,112.29936981201172,-28.253801345825195,-4.111300945281982,-22.05171775817871,3.9037973880767822,-18.069143295288086,-9.67337703704834,-14.712471961975098,-2.6170196533203125,-6.757345676422119,1.8915618658065796,-15.57564640045166,-8.075728416442871,-14.696124076843262,-5.526355266571045,-15.130227088928223,-7.503108501434326,-9.040543556213379,-2.0793583393096924,0
-213.67213439941406,129.2759246826172,-23.88818359375,10.43704891204834,-11.696157455444336,3.6572859287261963,-21.236486434936523,-7.36178731918335,-9.44626522064209,-1.2548877000808716,-12.931432723999023,-6.012691020965576,-15.732684135437012,-1.313025951385498,-11.330864906311035,-1.4208464622497559,-14.927077293395996,-9.585308074951172,-11.255785942077637,-4.47047233581543,0
-176.10032653808594,130.3472137451172,-31.770666122436523,4.002584934234619,-13.67749309539795,-4.801231384277344,-19.60271453857422,-11.565872192382812,-15.642294883728027,-1.737474799156189,-13.20895767211914,-3.213407278060913,-13.556713104248047,-6.943797588348389,-14.941033363342285,-4.310428142547607,-16.474245071411133,-11.720722198486328,-8.730108261108398,0.3666304647922516,0
-253.148193359375,135.36859130859375,-35.79718780517578,6.631994724273682,-10.625863075256348,0.9868501424789429,-20.432069778442383,-7.336323261260986,-11.053984642028809,-1.1023465394973755,-10.908123970031738,-1.2040388584136963,-15.190707206726074,-9.036554336547852,-16.529306411743164,-3.0330650806427,-12.076854705810547,-3.6694300174713135,-6.424075603485107,-0.5828059911727905,0
-535.874755859375,118.27230072021484,-33.095489501953125,13.354389190673828,-7.627565860748291,-2.9706099033355713,-18.333703994750977,-11.917489051818848,-8.622245788574219,0.12052612006664276,-11.9693021774292,-3.8696393966674805,-7.772952556610107,-10.402931213378906,-12.926126480102539,4.512184143066406,-13.882217407226562,-8.5547513961792,-3.290404796600342,-2.903782844543457,0
-242.94517517089844,139.53961181640625,-31.265378952026367,3.5388975143432617,-10.984920501708984,-0.32493138313293457,-20.321269989013672,-8.38393783569336,-3.5144426822662354,5.822825908660889,-3.700711250305176,-4.196063995361328,-15.421637535095215,-3.901369333267212,-15.769879341125488,-4.4619340896606445,-10.803455352783203,-2.883876085281372,-5.6315598487854,0.3037910759449005,0
-207.16029357910156,140.26161193847656,-40.19352340698242,3.818845272064209,-10.649537086486816,-5.836380481719971,-18.002185821533203,-6.271852016448975,-11.894231796264648,1.1414704322814941,-3.536400556564331,-1.190512776374817,-12.653554916381836,-4.922999858856201,-13.96950626373291,2.700655221939087,-11.460968971252441,-6.797650337219238,-6.560659885406494,-4.352376461029053,0
-209.94302368164062,131.04794311523438,-32.21654510498047,3.5692298412323,-16.12632942199707,-0.2626056671142578,-16.039562225341797,-4.592492580413818,-12.666833877563477,-0.9989619851112366,-10.812540054321289,3.249343156814575,-12.408971786499023,-5.7779154777526855,-14.626273155212402,-0.39829549193382263,-16.453763961791992,-6.388709545135498,-4.189099311828613,-2.591982126235962,0
-199.55174255371094,149.34103393554688,-41.12105941772461,-2.1778671741485596,-17.659793853759766,-1.0061841011047363,-18.11834144592285,-4.96452522277832,-19.30256462097168,3.626455783843994,-5.086674213409424,-1.8916492462158203,-18.11796760559082,-6.688052177429199,-16.185380935668945,-2.97885799407959,-15.653700828552246,-7.22401237487793,-5.026854991912842,-4.2575178146362305,0
-199.71690368652344,108.52908325195312,-29.875337600708008,10.922883033752441,-20.744932174682617,-3.2903451919555664,-13.843352317810059,-4.185868263244629,-15.384033203125,5.096224308013916,0.32489967346191406,3.8780364990234375,-11.492813110351562,-5.780349254608154,-16.52559471130371,-3.766357660293579,-18.370262145996094,-8.20811653137207,-8.38094425201416,-6.6447553634643555,0
